"Problem","Severity","File","Line","Column","Rule","Description","URL","Category","Engine"
"1","3","C:\Users\bshao\Desktop\LMS\LMS\force-app\main\default\pages\CommunitiesLanding.page","1","90","VfCsrf","Avoid calling VF action upon page load","https://docs.pmd-code.org/pmd-doc-7.9.0/pmd_rules_visualforce_security.html#vfcsrf","Security","pmd"
"2","3","C:\Users\bshao\Desktop\LMS\LMS\force-app\main\default\pages\CommunitiesLogin.page","1","75","VfCsrf","Avoid calling VF action upon page load","https://docs.pmd-code.org/pmd-doc-7.9.0/pmd_rules_visualforce_security.html#vfcsrf","Security","pmd"
"3","3","C:\Users\bshao\Desktop\LMS\LMS\force-app\main\default\classes\CollaborationGroupHelper.cls","1","1","ApexSharingViolations","Apex classes should declare a sharing model if DML or SOQL/SOSL is used","https://docs.pmd-code.org/pmd-doc-7.9.0/pmd_rules_apex_security.html#apexsharingviolations","Security","pmd"
"4","3","C:\Users\bshao\Desktop\LMS\LMS\force-app\main\default\classes\CollaborationGroupHelper.cls","6","45","ApexCRUDViolation","Validate CRUD permission before SOQL/DML operation or enforce user mode","https://docs.pmd-code.org/pmd-doc-7.9.0/pmd_rules_apex_security.html#apexcrudviolation","Security","pmd"
"5","3","C:\Users\bshao\Desktop\LMS\LMS\force-app\main\default\classes\CollaborationGroupHelper.cls","18","27","ApexSuggestUsingNamedCred","Suggest named credentials for authentication","https://docs.pmd-code.org/pmd-doc-7.9.0/pmd_rules_apex_security.html#apexsuggestusingnamedcred","Security","pmd"
"6","3","C:\Users\bshao\Desktop\LMS\LMS\force-app\main\default\classes\ContentDocumentLinkHelper.cls","1","1","ApexSharingViolations","Apex classes should declare a sharing model if DML or SOQL/SOSL is used","https://docs.pmd-code.org/pmd-doc-7.9.0/pmd_rules_apex_security.html#apexsharingviolations","Security","pmd"
"7","3","C:\Users\bshao\Desktop\LMS\LMS\force-app\main\default\classes\CourseTriggerHelper.cls","26","13","ApexCRUDViolation","Validate CRUD permission before SOQL/DML operation or enforce user mode","https://docs.pmd-code.org/pmd-doc-7.9.0/pmd_rules_apex_security.html#apexcrudviolation","Security","pmd"
"8","3","C:\Users\bshao\Desktop\LMS\LMS\force-app\main\default\classes\CourseTriggerHelper.cls","38","30","ApexCRUDViolation","Validate CRUD permission before SOQL/DML operation or enforce user mode","https://docs.pmd-code.org/pmd-doc-7.9.0/pmd_rules_apex_security.html#apexcrudviolation","Security","pmd"
"9","3","C:\Users\bshao\Desktop\LMS\LMS\force-app\main\default\classes\InvoiceGenerator.cls","1","1","ApexSharingViolations","Apex classes should declare a sharing model if DML or SOQL/SOSL is used","https://docs.pmd-code.org/pmd-doc-7.9.0/pmd_rules_apex_security.html#apexsharingviolations","Security","pmd"
"10","3","C:\Users\bshao\Desktop\LMS\LMS\force-app\main\default\classes\InvoiceGenerator.cls","4","23","ApexCRUDViolation","Validate CRUD permission before SOQL/DML operation or enforce user mode","https://docs.pmd-code.org/pmd-doc-7.9.0/pmd_rules_apex_security.html#apexcrudviolation","Security","pmd"
"11","3","C:\Users\bshao\Desktop\LMS\LMS\force-app\main\default\classes\InvoiceGenerator.cls","5","38","ApexCRUDViolation","Validate CRUD permission before SOQL/DML operation or enforce user mode","https://docs.pmd-code.org/pmd-doc-7.9.0/pmd_rules_apex_security.html#apexcrudviolation","Security","pmd"
"12","3","C:\Users\bshao\Desktop\LMS\LMS\force-app\main\default\classes\InvoiceGenerator.cls","18","9","ApexCRUDViolation","Validate CRUD permission before SOQL/DML operation or enforce user mode","https://docs.pmd-code.org/pmd-doc-7.9.0/pmd_rules_apex_security.html#apexcrudviolation","Security","pmd"
"13","3","C:\Users\bshao\Desktop\LMS\LMS\force-app\main\default\classes\InvoicePDFController.cls","1","1","ApexSharingViolations","Apex classes should declare a sharing model if DML or SOQL/SOSL is used","https://docs.pmd-code.org/pmd-doc-7.9.0/pmd_rules_apex_security.html#apexsharingviolations","Security","pmd"
"14","3","C:\Users\bshao\Desktop\LMS\LMS\force-app\main\default\classes\InvoicePDFController.cls","15","17","ApexCRUDViolation","Validate CRUD permission before SOQL/DML operation or enforce user mode","https://docs.pmd-code.org/pmd-doc-7.9.0/pmd_rules_apex_security.html#apexcrudviolation","Security","pmd"
"15","3","C:\Users\bshao\Desktop\LMS\LMS\force-app\main\default\classes\InvoicePDFController.cls","16","22","ApexCRUDViolation","Validate CRUD permission before SOQL/DML operation or enforce user mode","https://docs.pmd-code.org/pmd-doc-7.9.0/pmd_rules_apex_security.html#apexcrudviolation","Security","pmd"
"16","3","C:\Users\bshao\Desktop\LMS\LMS\force-app\main\default\classes\InvoicePDFController.cls","17","19","ApexCRUDViolation","Validate CRUD permission before SOQL/DML operation or enforce user mode","https://docs.pmd-code.org/pmd-doc-7.9.0/pmd_rules_apex_security.html#apexcrudviolation","Security","pmd"
"17","3","C:\Users\bshao\Desktop\LMS\LMS\force-app\main\default\classes\InvoicePDFController.cls","18","26","ApexCRUDViolation","Validate CRUD permission before SOQL/DML operation or enforce user mode","https://docs.pmd-code.org/pmd-doc-7.9.0/pmd_rules_apex_security.html#apexcrudviolation","Security","pmd"
"18","3","C:\Users\bshao\Desktop\LMS\LMS\force-app\main\default\classes\InvoicePDFController.cls","19","26","ApexCRUDViolation","Validate CRUD permission before SOQL/DML operation or enforce user mode","https://docs.pmd-code.org/pmd-doc-7.9.0/pmd_rules_apex_security.html#apexcrudviolation","Security","pmd"
"19","3","C:\Users\bshao\Desktop\LMS\LMS\force-app\main\default\classes\InvoicePDFController.cls","45","13","ApexCRUDViolation","Validate CRUD permission before SOQL/DML operation or enforce user mode","https://docs.pmd-code.org/pmd-doc-7.9.0/pmd_rules_apex_security.html#apexcrudviolation","Security","pmd"
"20","3","C:\Users\bshao\Desktop\LMS\LMS\force-app\main\default\classes\LMSAllCertificatesController.cls","18","61","ApexCRUDViolation","Validate CRUD permission before SOQL/DML operation or enforce user mode","https://docs.pmd-code.org/pmd-doc-7.9.0/pmd_rules_apex_security.html#apexcrudviolation","Security","pmd"
"21","3","C:\Users\bshao\Desktop\LMS\LMS\force-app\main\default\classes\LMSAllCertificatesController.cls","30","43","ApexCRUDViolation","Validate CRUD permission before SOQL/DML operation or enforce user mode","https://docs.pmd-code.org/pmd-doc-7.9.0/pmd_rules_apex_security.html#apexcrudviolation","Security","pmd"
"22","3","C:\Users\bshao\Desktop\LMS\LMS\force-app\main\default\classes\LMSAllCertificatesController.cls","38","54","ApexCRUDViolation","Validate CRUD permission before SOQL/DML operation or enforce user mode","https://docs.pmd-code.org/pmd-doc-7.9.0/pmd_rules_apex_security.html#apexcrudviolation","Security","pmd"
"23","3","C:\Users\bshao\Desktop\LMS\LMS\force-app\main\default\classes\LMSAllCertificatesController.cls","49","53","ApexCRUDViolation","Validate CRUD permission before SOQL/DML operation or enforce user mode","https://docs.pmd-code.org/pmd-doc-7.9.0/pmd_rules_apex_security.html#apexcrudviolation","Security","pmd"
"24","3","C:\Users\bshao\Desktop\LMS\LMS\force-app\main\default\classes\LMSCertificateController.cls","29","32","ApexCRUDViolation","Validate CRUD permission before SOQL/DML operation or enforce user mode","https://docs.pmd-code.org/pmd-doc-7.9.0/pmd_rules_apex_security.html#apexcrudviolation","Security","pmd"
"25","3","C:\Users\bshao\Desktop\LMS\LMS\force-app\main\default\classes\LMSCertificateController.cls","35","30","ApexCRUDViolation","Validate CRUD permission before SOQL/DML operation or enforce user mode","https://docs.pmd-code.org/pmd-doc-7.9.0/pmd_rules_apex_security.html#apexcrudviolation","Security","pmd"
"26","3","C:\Users\bshao\Desktop\LMS\LMS\force-app\main\default\classes\LMSCertificateController.cls","40","32","ApexCRUDViolation","Validate CRUD permission before SOQL/DML operation or enforce user mode","https://docs.pmd-code.org/pmd-doc-7.9.0/pmd_rules_apex_security.html#apexcrudviolation","Security","pmd"
"27","3","C:\Users\bshao\Desktop\LMS\LMS\force-app\main\default\classes\LMSChatController.cls","22","36","ApexCRUDViolation","Validate CRUD permission before SOQL/DML operation or enforce user mode","https://docs.pmd-code.org/pmd-doc-7.9.0/pmd_rules_apex_security.html#apexcrudviolation","Security","pmd"
"28","3","C:\Users\bshao\Desktop\LMS\LMS\force-app\main\default\classes\LMSChatController.cls","40","28","ApexCRUDViolation","Validate CRUD permission before SOQL/DML operation or enforce user mode","https://docs.pmd-code.org/pmd-doc-7.9.0/pmd_rules_apex_security.html#apexcrudviolation","Security","pmd"
"29","3","C:\Users\bshao\Desktop\LMS\LMS\force-app\main\default\classes\LMSChatController.cls","115","13","ApexCRUDViolation","Validate CRUD permission before SOQL/DML operation or enforce user mode","https://docs.pmd-code.org/pmd-doc-7.9.0/pmd_rules_apex_security.html#apexcrudviolation","Security","pmd"
"30","3","C:\Users\bshao\Desktop\LMS\LMS\force-app\main\default\classes\LMSChatController.cls","119","25","ApexCRUDViolation","Validate CRUD permission before SOQL/DML operation or enforce user mode","https://docs.pmd-code.org/pmd-doc-7.9.0/pmd_rules_apex_security.html#apexcrudviolation","Security","pmd"
"31","3","C:\Users\bshao\Desktop\LMS\LMS\force-app\main\default\classes\LMSChatController.cls","156","23","ApexCRUDViolation","Validate CRUD permission before SOQL/DML operation or enforce user mode","https://docs.pmd-code.org/pmd-doc-7.9.0/pmd_rules_apex_security.html#apexcrudviolation","Security","pmd"
"32","3","C:\Users\bshao\Desktop\LMS\LMS\force-app\main\default\classes\LMSChatController.cls","188","49","ApexCRUDViolation","Validate CRUD permission before SOQL/DML operation or enforce user mode","https://docs.pmd-code.org/pmd-doc-7.9.0/pmd_rules_apex_security.html#apexcrudviolation","Security","pmd"
"33","3","C:\Users\bshao\Desktop\LMS\LMS\force-app\main\default\classes\LMSChatController.cls","202","48","ApexCRUDViolation","Validate CRUD permission before SOQL/DML operation or enforce user mode","https://docs.pmd-code.org/pmd-doc-7.9.0/pmd_rules_apex_security.html#apexcrudviolation","Security","pmd"
"34","3","C:\Users\bshao\Desktop\LMS\LMS\force-app\main\default\classes\LMSChatterGroupController.cls","10","55","ApexCRUDViolation","Validate CRUD permission before SOQL/DML operation or enforce user mode","https://docs.pmd-code.org/pmd-doc-7.9.0/pmd_rules_apex_security.html#apexcrudviolation","Security","pmd"
"35","3","C:\Users\bshao\Desktop\LMS\LMS\force-app\main\default\classes\LMSChatterGroupController.cls","16","59","ApexCRUDViolation","Validate CRUD permission before SOQL/DML operation or enforce user mode","https://docs.pmd-code.org/pmd-doc-7.9.0/pmd_rules_apex_security.html#apexcrudviolation","Security","pmd"
"36","3","C:\Users\bshao\Desktop\LMS\LMS\force-app\main\default\classes\LMSChatterGroupController.cls","34","35","ApexCRUDViolation","Validate CRUD permission before SOQL/DML operation or enforce user mode","https://docs.pmd-code.org/pmd-doc-7.9.0/pmd_rules_apex_security.html#apexcrudviolation","Security","pmd"
"37","3","C:\Users\bshao\Desktop\LMS\LMS\force-app\main\default\classes\LMSChatterGroupController.cls","49","50","ApexCRUDViolation","Validate CRUD permission before SOQL/DML operation or enforce user mode","https://docs.pmd-code.org/pmd-doc-7.9.0/pmd_rules_apex_security.html#apexcrudviolation","Security","pmd"
"38","3","C:\Users\bshao\Desktop\LMS\LMS\force-app\main\default\classes\LMSChatterGroupController.cls","60","48","ApexCRUDViolation","Validate CRUD permission before SOQL/DML operation or enforce user mode","https://docs.pmd-code.org/pmd-doc-7.9.0/pmd_rules_apex_security.html#apexcrudviolation","Security","pmd"
"39","3","C:\Users\bshao\Desktop\LMS\LMS\force-app\main\default\classes\LMSChatterGroupController.cls","109","39","ApexCRUDViolation","Validate CRUD permission before SOQL/DML operation or enforce user mode","https://docs.pmd-code.org/pmd-doc-7.9.0/pmd_rules_apex_security.html#apexcrudviolation","Security","pmd"
"40","3","C:\Users\bshao\Desktop\LMS\LMS\force-app\main\default\classes\LMSChatterGroupController.cls","112","55","ApexCRUDViolation","Validate CRUD permission before SOQL/DML operation or enforce user mode","https://docs.pmd-code.org/pmd-doc-7.9.0/pmd_rules_apex_security.html#apexcrudviolation","Security","pmd"
"41","3","C:\Users\bshao\Desktop\LMS\LMS\force-app\main\default\classes\LMSChatterGroupController.cls","129","44","ApexCRUDViolation","Validate CRUD permission before SOQL/DML operation or enforce user mode","https://docs.pmd-code.org/pmd-doc-7.9.0/pmd_rules_apex_security.html#apexcrudviolation","Security","pmd"
"42","3","C:\Users\bshao\Desktop\LMS\LMS\force-app\main\default\classes\LMSChatterGroupController.cls","142","38","ApexCRUDViolation","Validate CRUD permission before SOQL/DML operation or enforce user mode","https://docs.pmd-code.org/pmd-doc-7.9.0/pmd_rules_apex_security.html#apexcrudviolation","Security","pmd"
"43","3","C:\Users\bshao\Desktop\LMS\LMS\force-app\main\default\classes\LMSCourseDashboardController.cls","22","37","ApexCRUDViolation","Validate CRUD permission before SOQL/DML operation or enforce user mode","https://docs.pmd-code.org/pmd-doc-7.9.0/pmd_rules_apex_security.html#apexcrudviolation","Security","pmd"
"44","3","C:\Users\bshao\Desktop\LMS\LMS\force-app\main\default\classes\LMSCourseDetailPageController.cls","8","44","ApexCRUDViolation","Validate CRUD permission before SOQL/DML operation or enforce user mode","https://docs.pmd-code.org/pmd-doc-7.9.0/pmd_rules_apex_security.html#apexcrudviolation","Security","pmd"
"45","3","C:\Users\bshao\Desktop\LMS\LMS\force-app\main\default\classes\LMSCourseDetailPageController.cls","15","44","ApexCRUDViolation","Validate CRUD permission before SOQL/DML operation or enforce user mode","https://docs.pmd-code.org/pmd-doc-7.9.0/pmd_rules_apex_security.html#apexcrudviolation","Security","pmd"
"46","3","C:\Users\bshao\Desktop\LMS\LMS\force-app\main\default\classes\LMSCourseDetailPageController.cls","43","18","ApexCRUDViolation","Validate CRUD permission before SOQL/DML operation or enforce user mode","https://docs.pmd-code.org/pmd-doc-7.9.0/pmd_rules_apex_security.html#apexcrudviolation","Security","pmd"
"47","3","C:\Users\bshao\Desktop\LMS\LMS\force-app\main\default\classes\LMSCourseDetailPageController.cls","45","45","ApexCRUDViolation","Validate CRUD permission before SOQL/DML operation or enforce user mode","https://docs.pmd-code.org/pmd-doc-7.9.0/pmd_rules_apex_security.html#apexcrudviolation","Security","pmd"
"48","3","C:\Users\bshao\Desktop\LMS\LMS\force-app\main\default\classes\LMSCourseDetailPageController.cls","49","39","ApexCRUDViolation","Validate CRUD permission before SOQL/DML operation or enforce user mode","https://docs.pmd-code.org/pmd-doc-7.9.0/pmd_rules_apex_security.html#apexcrudviolation","Security","pmd"
"49","3","C:\Users\bshao\Desktop\LMS\LMS\force-app\main\default\classes\LMSCourseDetailPageController.cls","58","13","ApexCRUDViolation","Validate CRUD permission before SOQL/DML operation or enforce user mode","https://docs.pmd-code.org/pmd-doc-7.9.0/pmd_rules_apex_security.html#apexcrudviolation","Security","pmd"
"50","3","C:\Users\bshao\Desktop\LMS\LMS\force-app\main\default\classes\LMSCourseDetailPageController.cls","67","17","ApexCRUDViolation","Validate CRUD permission before SOQL/DML operation or enforce user mode","https://docs.pmd-code.org/pmd-doc-7.9.0/pmd_rules_apex_security.html#apexcrudviolation","Security","pmd"
"51","3","C:\Users\bshao\Desktop\LMS\LMS\force-app\main\default\classes\LMSCourseDetailPageController.cls","76","17","ApexCRUDViolation","Validate CRUD permission before SOQL/DML operation or enforce user mode","https://docs.pmd-code.org/pmd-doc-7.9.0/pmd_rules_apex_security.html#apexcrudviolation","Security","pmd"
"52","3","C:\Users\bshao\Desktop\LMS\LMS\force-app\main\default\classes\LMSCourseDetailPageController.cls","88","37","ApexCRUDViolation","Validate CRUD permission before SOQL/DML operation or enforce user mode","https://docs.pmd-code.org/pmd-doc-7.9.0/pmd_rules_apex_security.html#apexcrudviolation","Security","pmd"
"53","3","C:\Users\bshao\Desktop\LMS\LMS\force-app\main\default\classes\LMSCourseDetailPageController.cls","92","13","ApexCRUDViolation","Validate CRUD permission before SOQL/DML operation or enforce user mode","https://docs.pmd-code.org/pmd-doc-7.9.0/pmd_rules_apex_security.html#apexcrudviolation","Security","pmd"
"54","3","C:\Users\bshao\Desktop\LMS\LMS\force-app\main\default\classes\LMSCourseEnrollementController.cls","12","28","ApexCRUDViolation","Validate CRUD permission before SOQL/DML operation or enforce user mode","https://docs.pmd-code.org/pmd-doc-7.9.0/pmd_rules_apex_security.html#apexcrudviolation","Security","pmd"
"55","3","C:\Users\bshao\Desktop\LMS\LMS\force-app\main\default\classes\LMSCourseEnrollementController.cls","16","28","ApexCRUDViolation","Validate CRUD permission before SOQL/DML operation or enforce user mode","https://docs.pmd-code.org/pmd-doc-7.9.0/pmd_rules_apex_security.html#apexcrudviolation","Security","pmd"
"56","3","C:\Users\bshao\Desktop\LMS\LMS\force-app\main\default\classes\LMSCourseEnrollementController.cls","18","32","ApexCRUDViolation","Validate CRUD permission before SOQL/DML operation or enforce user mode","https://docs.pmd-code.org/pmd-doc-7.9.0/pmd_rules_apex_security.html#apexcrudviolation","Security","pmd"
"57","3","C:\Users\bshao\Desktop\LMS\LMS\force-app\main\default\classes\LMSCourseEnrollementController.cls","35","13","ApexCRUDViolation","Validate CRUD permission before SOQL/DML operation or enforce user mode","https://docs.pmd-code.org/pmd-doc-7.9.0/pmd_rules_apex_security.html#apexcrudviolation","Security","pmd"
"58","3","C:\Users\bshao\Desktop\LMS\LMS\force-app\main\default\classes\LMSCourseEnrollementController.cls","64","13","ApexCRUDViolation","Validate CRUD permission before SOQL/DML operation or enforce user mode","https://docs.pmd-code.org/pmd-doc-7.9.0/pmd_rules_apex_security.html#apexcrudviolation","Security","pmd"
"59","3","C:\Users\bshao\Desktop\LMS\LMS\force-app\main\default\classes\LMSCourseEnrollementController.cls","80","31","ApexCRUDViolation","Validate CRUD permission before SOQL/DML operation or enforce user mode","https://docs.pmd-code.org/pmd-doc-7.9.0/pmd_rules_apex_security.html#apexcrudviolation","Security","pmd"
"60","3","C:\Users\bshao\Desktop\LMS\LMS\force-app\main\default\classes\LMSCourseEnrollementController.cls","86","59","ApexCRUDViolation","Validate CRUD permission before SOQL/DML operation or enforce user mode","https://docs.pmd-code.org/pmd-doc-7.9.0/pmd_rules_apex_security.html#apexcrudviolation","Security","pmd"
"61","3","C:\Users\bshao\Desktop\LMS\LMS\force-app\main\default\classes\LMSCourseEnrollementController.cls","113","13","ApexCRUDViolation","Validate CRUD permission before SOQL/DML operation or enforce user mode","https://docs.pmd-code.org/pmd-doc-7.9.0/pmd_rules_apex_security.html#apexcrudviolation","Security","pmd"
"62","3","C:\Users\bshao\Desktop\LMS\LMS\force-app\main\default\classes\LMSCourseEnrollementController.cls","120","46","ApexCRUDViolation","Validate CRUD permission before SOQL/DML operation or enforce user mode","https://docs.pmd-code.org/pmd-doc-7.9.0/pmd_rules_apex_security.html#apexcrudviolation","Security","pmd"
"63","3","C:\Users\bshao\Desktop\LMS\LMS\force-app\main\default\classes\LMSCourseEnrollementController.cls","126","43","ApexCRUDViolation","Validate CRUD permission before SOQL/DML operation or enforce user mode","https://docs.pmd-code.org/pmd-doc-7.9.0/pmd_rules_apex_security.html#apexcrudviolation","Security","pmd"
"64","3","C:\Users\bshao\Desktop\LMS\LMS\force-app\main\default\classes\LMSCourseEnrollementController.cls","128","40","ApexCRUDViolation","Validate CRUD permission before SOQL/DML operation or enforce user mode","https://docs.pmd-code.org/pmd-doc-7.9.0/pmd_rules_apex_security.html#apexcrudviolation","Security","pmd"
"65","3","C:\Users\bshao\Desktop\LMS\LMS\force-app\main\default\classes\LMSCourseEnrollementController.cls","143","13","ApexCRUDViolation","Validate CRUD permission before SOQL/DML operation or enforce user mode","https://docs.pmd-code.org/pmd-doc-7.9.0/pmd_rules_apex_security.html#apexcrudviolation","Security","pmd"
"66","3","C:\Users\bshao\Desktop\LMS\LMS\force-app\main\default\classes\LMSCourseEnrollementController.cls","156","13","ApexCRUDViolation","Validate CRUD permission before SOQL/DML operation or enforce user mode","https://docs.pmd-code.org/pmd-doc-7.9.0/pmd_rules_apex_security.html#apexcrudviolation","Security","pmd"
"67","3","C:\Users\bshao\Desktop\LMS\LMS\force-app\main\default\classes\LMSCourseEnrollementController.cls","188","13","ApexCRUDViolation","Validate CRUD permission before SOQL/DML operation or enforce user mode","https://docs.pmd-code.org/pmd-doc-7.9.0/pmd_rules_apex_security.html#apexcrudviolation","Security","pmd"
"68","3","C:\Users\bshao\Desktop\LMS\LMS\force-app\main\default\classes\LMSCourseEnrollementController.cls","206","13","ApexCRUDViolation","Validate CRUD permission before SOQL/DML operation or enforce user mode","https://docs.pmd-code.org/pmd-doc-7.9.0/pmd_rules_apex_security.html#apexcrudviolation","Security","pmd"
"69","3","C:\Users\bshao\Desktop\LMS\LMS\force-app\main\default\classes\LMSCourseEnrollementStatusReport.cls","1","1","ApexSharingViolations","Apex classes should declare a sharing model if DML or SOQL/SOSL is used","https://docs.pmd-code.org/pmd-doc-7.9.0/pmd_rules_apex_security.html#apexsharingviolations","Security","pmd"
"70","3","C:\Users\bshao\Desktop\LMS\LMS\force-app\main\default\classes\LMSCourseEnrollementStatusReport.cls","4","38","ApexCRUDViolation","Validate CRUD permission before SOQL/DML operation or enforce user mode","https://docs.pmd-code.org/pmd-doc-7.9.0/pmd_rules_apex_security.html#apexcrudviolation","Security","pmd"
"71","3","C:\Users\bshao\Desktop\LMS\LMS\force-app\main\default\classes\LMSCourseEnrollmentStatusReport.cls","10","46","ApexCRUDViolation","Validate CRUD permission before SOQL/DML operation or enforce user mode","https://docs.pmd-code.org/pmd-doc-7.9.0/pmd_rules_apex_security.html#apexcrudviolation","Security","pmd"
"72","3","C:\Users\bshao\Desktop\LMS\LMS\force-app\main\default\classes\LMSCourseEnrollmentStatusReport.cls","21","45","ApexCRUDViolation","Validate CRUD permission before SOQL/DML operation or enforce user mode","https://docs.pmd-code.org/pmd-doc-7.9.0/pmd_rules_apex_security.html#apexcrudviolation","Security","pmd"
"73","3","C:\Users\bshao\Desktop\LMS\LMS\force-app\main\default\classes\LMSDashboardController.cls","20","28","ApexCRUDViolation","Validate CRUD permission before SOQL/DML operation or enforce user mode","https://docs.pmd-code.org/pmd-doc-7.9.0/pmd_rules_apex_security.html#apexcrudviolation","Security","pmd"
"74","3","C:\Users\bshao\Desktop\LMS\LMS\force-app\main\default\classes\LMSDashboardController.cls","25","41","ApexCRUDViolation","Validate CRUD permission before SOQL/DML operation or enforce user mode","https://docs.pmd-code.org/pmd-doc-7.9.0/pmd_rules_apex_security.html#apexcrudviolation","Security","pmd"
"75","3","C:\Users\bshao\Desktop\LMS\LMS\force-app\main\default\classes\LMSDashboardController.cls","38","28","ApexCRUDViolation","Validate CRUD permission before SOQL/DML operation or enforce user mode","https://docs.pmd-code.org/pmd-doc-7.9.0/pmd_rules_apex_security.html#apexcrudviolation","Security","pmd"
"76","3","C:\Users\bshao\Desktop\LMS\LMS\force-app\main\default\classes\LMSDashboardController.cls","40","27","ApexCRUDViolation","Validate CRUD permission before SOQL/DML operation or enforce user mode","https://docs.pmd-code.org/pmd-doc-7.9.0/pmd_rules_apex_security.html#apexcrudviolation","Security","pmd"
"77","3","C:\Users\bshao\Desktop\LMS\LMS\force-app\main\default\classes\LMSDashboardController.cls","41","56","ApexCRUDViolation","Validate CRUD permission before SOQL/DML operation or enforce user mode","https://docs.pmd-code.org/pmd-doc-7.9.0/pmd_rules_apex_security.html#apexcrudviolation","Security","pmd"
"78","3","C:\Users\bshao\Desktop\LMS\LMS\force-app\main\default\classes\LMSDashboardController.cls","53","28","ApexCRUDViolation","Validate CRUD permission before SOQL/DML operation or enforce user mode","https://docs.pmd-code.org/pmd-doc-7.9.0/pmd_rules_apex_security.html#apexcrudviolation","Security","pmd"
"79","3","C:\Users\bshao\Desktop\LMS\LMS\force-app\main\default\classes\LMSDashboardController.cls","55","27","ApexCRUDViolation","Validate CRUD permission before SOQL/DML operation or enforce user mode","https://docs.pmd-code.org/pmd-doc-7.9.0/pmd_rules_apex_security.html#apexcrudviolation","Security","pmd"
"80","3","C:\Users\bshao\Desktop\LMS\LMS\force-app\main\default\classes\LMSDashboardController.cls","66","57","ApexCRUDViolation","Validate CRUD permission before SOQL/DML operation or enforce user mode","https://docs.pmd-code.org/pmd-doc-7.9.0/pmd_rules_apex_security.html#apexcrudviolation","Security","pmd"
"81","3","C:\Users\bshao\Desktop\LMS\LMS\force-app\main\default\classes\LMSDashboardController.cls","131","24","ApexCRUDViolation","Validate CRUD permission before SOQL/DML operation or enforce user mode","https://docs.pmd-code.org/pmd-doc-7.9.0/pmd_rules_apex_security.html#apexcrudviolation","Security","pmd"
"82","3","C:\Users\bshao\Desktop\LMS\LMS\force-app\main\default\classes\LMSDashboardController.cls","133","57","ApexCRUDViolation","Validate CRUD permission before SOQL/DML operation or enforce user mode","https://docs.pmd-code.org/pmd-doc-7.9.0/pmd_rules_apex_security.html#apexcrudviolation","Security","pmd"
"83","3","C:\Users\bshao\Desktop\LMS\LMS\force-app\main\default\classes\LMSExternaluserProfileController.cls","20","28","ApexCRUDViolation","Validate CRUD permission before SOQL/DML operation or enforce user mode","https://docs.pmd-code.org/pmd-doc-7.9.0/pmd_rules_apex_security.html#apexcrudviolation","Security","pmd"
"84","3","C:\Users\bshao\Desktop\LMS\LMS\force-app\main\default\classes\LMSExternaluserProfileController.cls","25","53","ApexCRUDViolation","Validate CRUD permission before SOQL/DML operation or enforce user mode","https://docs.pmd-code.org/pmd-doc-7.9.0/pmd_rules_apex_security.html#apexcrudviolation","Security","pmd"
"85","3","C:\Users\bshao\Desktop\LMS\LMS\force-app\main\default\classes\LMSExternaluserProfileController.cls","27","51","ApexCRUDViolation","Validate CRUD permission before SOQL/DML operation or enforce user mode","https://docs.pmd-code.org/pmd-doc-7.9.0/pmd_rules_apex_security.html#apexcrudviolation","Security","pmd"
"86","3","C:\Users\bshao\Desktop\LMS\LMS\force-app\main\default\classes\LMSExternaluserProfileController.cls","61","37","ApexCRUDViolation","Validate CRUD permission before SOQL/DML operation or enforce user mode","https://docs.pmd-code.org/pmd-doc-7.9.0/pmd_rules_apex_security.html#apexcrudviolation","Security","pmd"
"87","3","C:\Users\bshao\Desktop\LMS\LMS\force-app\main\default\classes\LMSExternaluserProfileController.cls","67","17","ApexCRUDViolation","Validate CRUD permission before SOQL/DML operation or enforce user mode","https://docs.pmd-code.org/pmd-doc-7.9.0/pmd_rules_apex_security.html#apexcrudviolation","Security","pmd"
"88","3","C:\Users\bshao\Desktop\LMS\LMS\force-app\main\default\classes\LMSExternaluserProfileController.cls","71","42","ApexCRUDViolation","Validate CRUD permission before SOQL/DML operation or enforce user mode","https://docs.pmd-code.org/pmd-doc-7.9.0/pmd_rules_apex_security.html#apexcrudviolation","Security","pmd"
"89","3","C:\Users\bshao\Desktop\LMS\LMS\force-app\main\default\classes\LMSExternaluserProfileController.cls","77","17","ApexCRUDViolation","Validate CRUD permission before SOQL/DML operation or enforce user mode","https://docs.pmd-code.org/pmd-doc-7.9.0/pmd_rules_apex_security.html#apexcrudviolation","Security","pmd"
"90","3","C:\Users\bshao\Desktop\LMS\LMS\force-app\main\default\classes\LMSExternaluserProfileController.cls","94","37","ApexCRUDViolation","Validate CRUD permission before SOQL/DML operation or enforce user mode","https://docs.pmd-code.org/pmd-doc-7.9.0/pmd_rules_apex_security.html#apexcrudviolation","Security","pmd"
"91","3","C:\Users\bshao\Desktop\LMS\LMS\force-app\main\default\classes\LMSExternaluserProfileController.cls","160","13","ApexCRUDViolation","Validate CRUD permission before SOQL/DML operation or enforce user mode","https://docs.pmd-code.org/pmd-doc-7.9.0/pmd_rules_apex_security.html#apexcrudviolation","Security","pmd"
"92","3","C:\Users\bshao\Desktop\LMS\LMS\force-app\main\default\classes\LMSExternaluserProfileController.cls","179","13","ApexCRUDViolation","Validate CRUD permission before SOQL/DML operation or enforce user mode","https://docs.pmd-code.org/pmd-doc-7.9.0/pmd_rules_apex_security.html#apexcrudviolation","Security","pmd"
"93","3","C:\Users\bshao\Desktop\LMS\LMS\force-app\main\default\classes\LMSExternaluserProfileController.cls","190","47","ApexCRUDViolation","Validate CRUD permission before SOQL/DML operation or enforce user mode","https://docs.pmd-code.org/pmd-doc-7.9.0/pmd_rules_apex_security.html#apexcrudviolation","Security","pmd"
"94","3","C:\Users\bshao\Desktop\LMS\LMS\force-app\main\default\classes\LMSExternaluserProfileController.cls","203","17","ApexCRUDViolation","Validate CRUD permission before SOQL/DML operation or enforce user mode","https://docs.pmd-code.org/pmd-doc-7.9.0/pmd_rules_apex_security.html#apexcrudviolation","Security","pmd"
"95","3","C:\Users\bshao\Desktop\LMS\LMS\force-app\main\default\classes\LMSInvoiceGenerator.cls","4","23","ApexCRUDViolation","Validate CRUD permission before SOQL/DML operation or enforce user mode","https://docs.pmd-code.org/pmd-doc-7.9.0/pmd_rules_apex_security.html#apexcrudviolation","Security","pmd"
"96","3","C:\Users\bshao\Desktop\LMS\LMS\force-app\main\default\classes\LMSInvoiceGenerator.cls","5","38","ApexCRUDViolation","Validate CRUD permission before SOQL/DML operation or enforce user mode","https://docs.pmd-code.org/pmd-doc-7.9.0/pmd_rules_apex_security.html#apexcrudviolation","Security","pmd"
"97","3","C:\Users\bshao\Desktop\LMS\LMS\force-app\main\default\classes\LMSInvoiceGenerator.cls","18","9","ApexCRUDViolation","Validate CRUD permission before SOQL/DML operation or enforce user mode","https://docs.pmd-code.org/pmd-doc-7.9.0/pmd_rules_apex_security.html#apexcrudviolation","Security","pmd"
"98","3","C:\Users\bshao\Desktop\LMS\LMS\force-app\main\default\classes\LMSInvoicePDFController.cls","15","17","ApexCRUDViolation","Validate CRUD permission before SOQL/DML operation or enforce user mode","https://docs.pmd-code.org/pmd-doc-7.9.0/pmd_rules_apex_security.html#apexcrudviolation","Security","pmd"
"99","3","C:\Users\bshao\Desktop\LMS\LMS\force-app\main\default\classes\LMSInvoicePDFController.cls","16","22","ApexCRUDViolation","Validate CRUD permission before SOQL/DML operation or enforce user mode","https://docs.pmd-code.org/pmd-doc-7.9.0/pmd_rules_apex_security.html#apexcrudviolation","Security","pmd"
"100","3","C:\Users\bshao\Desktop\LMS\LMS\force-app\main\default\classes\LMSInvoicePDFController.cls","17","19","ApexCRUDViolation","Validate CRUD permission before SOQL/DML operation or enforce user mode","https://docs.pmd-code.org/pmd-doc-7.9.0/pmd_rules_apex_security.html#apexcrudviolation","Security","pmd"
"101","3","C:\Users\bshao\Desktop\LMS\LMS\force-app\main\default\classes\LMSInvoicePDFController.cls","18","26","ApexCRUDViolation","Validate CRUD permission before SOQL/DML operation or enforce user mode","https://docs.pmd-code.org/pmd-doc-7.9.0/pmd_rules_apex_security.html#apexcrudviolation","Security","pmd"
"102","3","C:\Users\bshao\Desktop\LMS\LMS\force-app\main\default\classes\LMSInvoicePDFController.cls","19","26","ApexCRUDViolation","Validate CRUD permission before SOQL/DML operation or enforce user mode","https://docs.pmd-code.org/pmd-doc-7.9.0/pmd_rules_apex_security.html#apexcrudviolation","Security","pmd"
"103","3","C:\Users\bshao\Desktop\LMS\LMS\force-app\main\default\classes\LMSInvoicePDFController.cls","48","17","ApexCRUDViolation","Validate CRUD permission before SOQL/DML operation or enforce user mode","https://docs.pmd-code.org/pmd-doc-7.9.0/pmd_rules_apex_security.html#apexcrudviolation","Security","pmd"
"104","3","C:\Users\bshao\Desktop\LMS\LMS\force-app\main\default\classes\LMSLearnerChatController.cls","22","36","ApexCRUDViolation","Validate CRUD permission before SOQL/DML operation or enforce user mode","https://docs.pmd-code.org/pmd-doc-7.9.0/pmd_rules_apex_security.html#apexcrudviolation","Security","pmd"
"105","3","C:\Users\bshao\Desktop\LMS\LMS\force-app\main\default\classes\LMSLearnerChatController.cls","112","13","ApexCRUDViolation","Validate CRUD permission before SOQL/DML operation or enforce user mode","https://docs.pmd-code.org/pmd-doc-7.9.0/pmd_rules_apex_security.html#apexcrudviolation","Security","pmd"
"106","3","C:\Users\bshao\Desktop\LMS\LMS\force-app\main\default\classes\LMSLearnerChatController.cls","120","21","ApexCRUDViolation","Validate CRUD permission before SOQL/DML operation or enforce user mode","https://docs.pmd-code.org/pmd-doc-7.9.0/pmd_rules_apex_security.html#apexcrudviolation","Security","pmd"
"107","3","C:\Users\bshao\Desktop\LMS\LMS\force-app\main\default\classes\LMSLearnerChatController.cls","158","23","ApexCRUDViolation","Validate CRUD permission before SOQL/DML operation or enforce user mode","https://docs.pmd-code.org/pmd-doc-7.9.0/pmd_rules_apex_security.html#apexcrudviolation","Security","pmd"
"108","3","C:\Users\bshao\Desktop\LMS\LMS\force-app\main\default\classes\LMSLearnerChatController.cls","190","49","ApexCRUDViolation","Validate CRUD permission before SOQL/DML operation or enforce user mode","https://docs.pmd-code.org/pmd-doc-7.9.0/pmd_rules_apex_security.html#apexcrudviolation","Security","pmd"
"109","3","C:\Users\bshao\Desktop\LMS\LMS\force-app\main\default\classes\LMSLearnerChatController.cls","204","48","ApexCRUDViolation","Validate CRUD permission before SOQL/DML operation or enforce user mode","https://docs.pmd-code.org/pmd-doc-7.9.0/pmd_rules_apex_security.html#apexcrudviolation","Security","pmd"
"110","3","C:\Users\bshao\Desktop\LMS\LMS\force-app\main\default\classes\LMSMonthlyReportController.cls","24","45","ApexCRUDViolation","Validate CRUD permission before SOQL/DML operation or enforce user mode","https://docs.pmd-code.org/pmd-doc-7.9.0/pmd_rules_apex_security.html#apexcrudviolation","Security","pmd"
"111","3","C:\Users\bshao\Desktop\LMS\LMS\force-app\main\default\classes\LMSQuizController.cls","91","53","ApexCRUDViolation","Validate CRUD permission before SOQL/DML operation or enforce user mode","https://docs.pmd-code.org/pmd-doc-7.9.0/pmd_rules_apex_security.html#apexcrudviolation","Security","pmd"
"112","3","C:\Users\bshao\Desktop\LMS\LMS\force-app\main\default\classes\LMSQuizController.cls","160","48","ApexSOQLInjection","Avoid untrusted/unescaped variables in DML query","https://docs.pmd-code.org/pmd-doc-7.9.0/pmd_rules_apex_security.html#apexsoqlinjection","Security","pmd"
"113","3","C:\Users\bshao\Desktop\LMS\LMS\force-app\main\default\classes\LMSQuizController.cls","250","21","ApexCRUDViolation","Validate CRUD permission before SOQL/DML operation or enforce user mode","https://docs.pmd-code.org/pmd-doc-7.9.0/pmd_rules_apex_security.html#apexcrudviolation","Security","pmd"
"114","3","C:\Users\bshao\Desktop\LMS\LMS\force-app\main\default\classes\LMSStaffChartCourseDataController.cls","5","16","ApexCRUDViolation","Validate CRUD permission before SOQL/DML operation or enforce user mode","https://docs.pmd-code.org/pmd-doc-7.9.0/pmd_rules_apex_security.html#apexcrudviolation","Security","pmd"
"115","3","C:\Users\bshao\Desktop\LMS\LMS\force-app\main\default\classes\LMSStaffCourseDataController.cls","10","46","ApexCRUDViolation","Validate CRUD permission before SOQL/DML operation or enforce user mode","https://docs.pmd-code.org/pmd-doc-7.9.0/pmd_rules_apex_security.html#apexcrudviolation","Security","pmd"
"116","3","C:\Users\bshao\Desktop\LMS\LMS\force-app\main\default\classes\LMSStaffCourseDataController.cls","19","41","ApexCRUDViolation","Validate CRUD permission before SOQL/DML operation or enforce user mode","https://docs.pmd-code.org/pmd-doc-7.9.0/pmd_rules_apex_security.html#apexcrudviolation","Security","pmd"
"117","3","C:\Users\bshao\Desktop\LMS\LMS\force-app\main\default\classes\LightningForgotPasswordController.cls","11","71","ApexOpenRedirect","Apex classes should safely redirect to a known location","https://docs.pmd-code.org/pmd-doc-7.9.0/pmd_rules_apex_security.html#apexopenredirect","Security","pmd"
"118","3","C:\Users\bshao\Desktop\LMS\LMS\force-app\main\default\classes\LightningSelfRegisterController.cls","1","1","ApexSharingViolations","Apex classes should declare a sharing model if DML or SOQL/SOSL is used","https://docs.pmd-code.org/pmd-doc-7.9.0/pmd_rules_apex_security.html#apexsharingviolations","Security","pmd"
"119","3","C:\Users\bshao\Desktop\LMS\LMS\force-app\main\default\classes\LightningSelfRegisterController.cls","91","76","ApexOpenRedirect","Apex classes should safely redirect to a known location","https://docs.pmd-code.org/pmd-doc-7.9.0/pmd_rules_apex_security.html#apexopenredirect","Security","pmd"
"120","3","C:\Users\bshao\Desktop\LMS\LMS\force-app\main\default\classes\LmsAdminChatController.cls","11","28","ApexCRUDViolation","Validate CRUD permission before SOQL/DML operation or enforce user mode","https://docs.pmd-code.org/pmd-doc-7.9.0/pmd_rules_apex_security.html#apexcrudviolation","Security","pmd"
"121","3","C:\Users\bshao\Desktop\LMS\LMS\force-app\main\default\classes\LmsAdminChatController.cls","53","29","ApexCRUDViolation","Validate CRUD permission before SOQL/DML operation or enforce user mode","https://docs.pmd-code.org/pmd-doc-7.9.0/pmd_rules_apex_security.html#apexcrudviolation","Security","pmd"
"122","3","C:\Users\bshao\Desktop\LMS\LMS\force-app\main\default\classes\LmsAdminChatController.cls","99","48","ApexCRUDViolation","Validate CRUD permission before SOQL/DML operation or enforce user mode","https://docs.pmd-code.org/pmd-doc-7.9.0/pmd_rules_apex_security.html#apexcrudviolation","Security","pmd"
"123","3","C:\Users\bshao\Desktop\LMS\LMS\force-app\main\default\classes\LmsAdminChatController.cls","106","43","ApexCRUDViolation","Validate CRUD permission before SOQL/DML operation or enforce user mode","https://docs.pmd-code.org/pmd-doc-7.9.0/pmd_rules_apex_security.html#apexcrudviolation","Security","pmd"
"124","3","C:\Users\bshao\Desktop\LMS\LMS\force-app\main\default\classes\LmsAdminChatController.cls","132","13","ApexCRUDViolation","Validate CRUD permission before SOQL/DML operation or enforce user mode","https://docs.pmd-code.org/pmd-doc-7.9.0/pmd_rules_apex_security.html#apexcrudviolation","Security","pmd"
"125","3","C:\Users\bshao\Desktop\LMS\LMS\force-app\main\default\classes\LmsAdminChatController.cls","134","43","ApexCRUDViolation","Validate CRUD permission before SOQL/DML operation or enforce user mode","https://docs.pmd-code.org/pmd-doc-7.9.0/pmd_rules_apex_security.html#apexcrudviolation","Security","pmd"
"126","3","C:\Users\bshao\Desktop\LMS\LMS\force-app\main\default\classes\LmsAdminChatController.cls","169","13","ApexCRUDViolation","Validate CRUD permission before SOQL/DML operation or enforce user mode","https://docs.pmd-code.org/pmd-doc-7.9.0/pmd_rules_apex_security.html#apexcrudviolation","Security","pmd"
"127","3","C:\Users\bshao\Desktop\LMS\LMS\force-app\main\default\classes\LmsAdminChatController.cls","172","41","ApexCRUDViolation","Validate CRUD permission before SOQL/DML operation or enforce user mode","https://docs.pmd-code.org/pmd-doc-7.9.0/pmd_rules_apex_security.html#apexcrudviolation","Security","pmd"
"128","3","C:\Users\bshao\Desktop\LMS\LMS\force-app\main\default\classes\LmsCreateCourseModulePopUpController.cls","36","70","ApexCRUDViolation","Validate CRUD permission before SOQL/DML operation or enforce user mode","https://docs.pmd-code.org/pmd-doc-7.9.0/pmd_rules_apex_security.html#apexcrudviolation","Security","pmd"
"129","3","C:\Users\bshao\Desktop\LMS\LMS\force-app\main\default\classes\LmsInternalCourseDetailViewController.cls","31","32","ApexCRUDViolation","Validate CRUD permission before SOQL/DML operation or enforce user mode","https://docs.pmd-code.org/pmd-doc-7.9.0/pmd_rules_apex_security.html#apexcrudviolation","Security","pmd"
"130","3","C:\Users\bshao\Desktop\LMS\LMS\force-app\main\default\classes\LmsInternalCourseDetailViewController.cls","34","56","ApexCRUDViolation","Validate CRUD permission before SOQL/DML operation or enforce user mode","https://docs.pmd-code.org/pmd-doc-7.9.0/pmd_rules_apex_security.html#apexcrudviolation","Security","pmd"
"131","3","C:\Users\bshao\Desktop\LMS\LMS\force-app\main\default\classes\LmsInternalCourseDetailViewController.cls","39","54","ApexCRUDViolation","Validate CRUD permission before SOQL/DML operation or enforce user mode","https://docs.pmd-code.org/pmd-doc-7.9.0/pmd_rules_apex_security.html#apexcrudviolation","Security","pmd"
"132","3","C:\Users\bshao\Desktop\LMS\LMS\force-app\main\default\classes\LmsInternalCourseDetailViewController.cls","48","51","ApexCRUDViolation","Validate CRUD permission before SOQL/DML operation or enforce user mode","https://docs.pmd-code.org/pmd-doc-7.9.0/pmd_rules_apex_security.html#apexcrudviolation","Security","pmd"
"133","3","C:\Users\bshao\Desktop\LMS\LMS\force-app\main\default\classes\LmsInternalCourseDetailViewController.cls","124","45","ApexCRUDViolation","Validate CRUD permission before SOQL/DML operation or enforce user mode","https://docs.pmd-code.org/pmd-doc-7.9.0/pmd_rules_apex_security.html#apexcrudviolation","Security","pmd"
"134","3","C:\Users\bshao\Desktop\LMS\LMS\force-app\main\default\classes\LmsInternalCourseDetailViewController.cls","134","48","ApexCRUDViolation","Validate CRUD permission before SOQL/DML operation or enforce user mode","https://docs.pmd-code.org/pmd-doc-7.9.0/pmd_rules_apex_security.html#apexcrudviolation","Security","pmd"
"135","3","C:\Users\bshao\Desktop\LMS\LMS\force-app\main\default\classes\LmsInternalCourseDetailViewController.cls","143","55","ApexCRUDViolation","Validate CRUD permission before SOQL/DML operation or enforce user mode","https://docs.pmd-code.org/pmd-doc-7.9.0/pmd_rules_apex_security.html#apexcrudviolation","Security","pmd"
"136","3","C:\Users\bshao\Desktop\LMS\LMS\force-app\main\default\classes\LmsInternalCourseDetailViewController.cls","155","17","ApexCRUDViolation","Validate CRUD permission before SOQL/DML operation or enforce user mode","https://docs.pmd-code.org/pmd-doc-7.9.0/pmd_rules_apex_security.html#apexcrudviolation","Security","pmd"
"137","3","C:\Users\bshao\Desktop\LMS\LMS\force-app\main\default\classes\LmsInternalCourseDetailViewController.cls","211","24","ApexCRUDViolation","Validate CRUD permission before SOQL/DML operation or enforce user mode","https://docs.pmd-code.org/pmd-doc-7.9.0/pmd_rules_apex_security.html#apexcrudviolation","Security","pmd"
"138","3","C:\Users\bshao\Desktop\LMS\LMS\force-app\main\default\classes\LmsInternalCourseDetailViewController.cls","212","46","ApexCRUDViolation","Validate CRUD permission before SOQL/DML operation or enforce user mode","https://docs.pmd-code.org/pmd-doc-7.9.0/pmd_rules_apex_security.html#apexcrudviolation","Security","pmd"
"139","3","C:\Users\bshao\Desktop\LMS\LMS\force-app\main\default\classes\LmsInternalCourseDetailViewController.cls","221","54","ApexCRUDViolation","Validate CRUD permission before SOQL/DML operation or enforce user mode","https://docs.pmd-code.org/pmd-doc-7.9.0/pmd_rules_apex_security.html#apexcrudviolation","Security","pmd"
"140","3","C:\Users\bshao\Desktop\LMS\LMS\force-app\main\default\classes\LmsInternalCourseDetailViewController.cls","224","51","ApexCRUDViolation","Validate CRUD permission before SOQL/DML operation or enforce user mode","https://docs.pmd-code.org/pmd-doc-7.9.0/pmd_rules_apex_security.html#apexcrudviolation","Security","pmd"
"141","3","C:\Users\bshao\Desktop\LMS\LMS\force-app\main\default\classes\LmsRecordCreatePopupController.cls","20","51","ApexCRUDViolation","Validate CRUD permission before SOQL/DML operation or enforce user mode","https://docs.pmd-code.org/pmd-doc-7.9.0/pmd_rules_apex_security.html#apexcrudviolation","Security","pmd"
"142","3","C:\Users\bshao\Desktop\LMS\LMS\force-app\main\default\classes\LmsRecordCreatePopupController.cls","34","58","ApexSOQLInjection","Avoid untrusted/unescaped variables in DML query","https://docs.pmd-code.org/pmd-doc-7.9.0/pmd_rules_apex_security.html#apexsoqlinjection","Security","pmd"
"143","3","C:\Users\bshao\Desktop\LMS\LMS\force-app\main\default\classes\LmsRecordCreatePopupController.cls","234","17","ApexCRUDViolation","Validate CRUD permission before SOQL/DML operation or enforce user mode","https://docs.pmd-code.org/pmd-doc-7.9.0/pmd_rules_apex_security.html#apexcrudviolation","Security","pmd"
"144","3","C:\Users\bshao\Desktop\LMS\LMS\force-app\main\default\classes\MyProfilePageController.cls","15","16","ApexCRUDViolation","Validate CRUD permission before SOQL/DML operation or enforce user mode","https://docs.pmd-code.org/pmd-doc-7.9.0/pmd_rules_apex_security.html#apexcrudviolation","Security","pmd"
"145","3","C:\Users\bshao\Desktop\LMS\LMS\force-app\main\default\classes\MyProfilePageController.cls","35","13","ApexCRUDViolation","Validate CRUD permission before SOQL/DML operation or enforce user mode","https://docs.pmd-code.org/pmd-doc-7.9.0/pmd_rules_apex_security.html#apexcrudviolation","Security","pmd"
"146","3","C:\Users\bshao\Desktop\LMS\LMS\force-app\main\default\classes\MyProfilePageController.cls","48","16","ApexCRUDViolation","Validate CRUD permission before SOQL/DML operation or enforce user mode","https://docs.pmd-code.org/pmd-doc-7.9.0/pmd_rules_apex_security.html#apexcrudviolation","Security","pmd"
"147","3","C:\Users\bshao\Desktop\LMS\LMS\force-app\main\default\classes\lmsChatterController.cls","10","55","ApexCRUDViolation","Validate CRUD permission before SOQL/DML operation or enforce user mode","https://docs.pmd-code.org/pmd-doc-7.9.0/pmd_rules_apex_security.html#apexcrudviolation","Security","pmd"
"148","3","C:\Users\bshao\Desktop\LMS\LMS\force-app\main\default\classes\lmsChatterController.cls","16","59","ApexCRUDViolation","Validate CRUD permission before SOQL/DML operation or enforce user mode","https://docs.pmd-code.org/pmd-doc-7.9.0/pmd_rules_apex_security.html#apexcrudviolation","Security","pmd"
"149","3","C:\Users\bshao\Desktop\LMS\LMS\force-app\main\default\classes\lmsChatterController.cls","34","35","ApexCRUDViolation","Validate CRUD permission before SOQL/DML operation or enforce user mode","https://docs.pmd-code.org/pmd-doc-7.9.0/pmd_rules_apex_security.html#apexcrudviolation","Security","pmd"
"150","3","C:\Users\bshao\Desktop\LMS\LMS\force-app\main\default\classes\lmsChatterController.cls","49","50","ApexCRUDViolation","Validate CRUD permission before SOQL/DML operation or enforce user mode","https://docs.pmd-code.org/pmd-doc-7.9.0/pmd_rules_apex_security.html#apexcrudviolation","Security","pmd"
"151","3","C:\Users\bshao\Desktop\LMS\LMS\force-app\main\default\classes\lmsChatterController.cls","60","48","ApexCRUDViolation","Validate CRUD permission before SOQL/DML operation or enforce user mode","https://docs.pmd-code.org/pmd-doc-7.9.0/pmd_rules_apex_security.html#apexcrudviolation","Security","pmd"
"152","3","C:\Users\bshao\Desktop\LMS\LMS\force-app\main\default\classes\lmsChatterController.cls","109","39","ApexCRUDViolation","Validate CRUD permission before SOQL/DML operation or enforce user mode","https://docs.pmd-code.org/pmd-doc-7.9.0/pmd_rules_apex_security.html#apexcrudviolation","Security","pmd"
"153","3","C:\Users\bshao\Desktop\LMS\LMS\force-app\main\default\classes\lmsChatterController.cls","112","55","ApexCRUDViolation","Validate CRUD permission before SOQL/DML operation or enforce user mode","https://docs.pmd-code.org/pmd-doc-7.9.0/pmd_rules_apex_security.html#apexcrudviolation","Security","pmd"
"154","3","C:\Users\bshao\Desktop\LMS\LMS\force-app\main\default\classes\lmsChatterController.cls","129","44","ApexCRUDViolation","Validate CRUD permission before SOQL/DML operation or enforce user mode","https://docs.pmd-code.org/pmd-doc-7.9.0/pmd_rules_apex_security.html#apexcrudviolation","Security","pmd"
"155","3","C:\Users\bshao\Desktop\LMS\LMS\force-app\main\default\classes\lmsChatterController.cls","142","38","ApexCRUDViolation","Validate CRUD permission before SOQL/DML operation or enforce user mode","https://docs.pmd-code.org/pmd-doc-7.9.0/pmd_rules_apex_security.html#apexcrudviolation","Security","pmd"
"156","3","C:\Users\bshao\Desktop\LMS\LMS\force-app\main\default\classes\lmsCourseEnrollementControllers.cls","12","28","ApexCRUDViolation","Validate CRUD permission before SOQL/DML operation or enforce user mode","https://docs.pmd-code.org/pmd-doc-7.9.0/pmd_rules_apex_security.html#apexcrudviolation","Security","pmd"
"157","3","C:\Users\bshao\Desktop\LMS\LMS\force-app\main\default\classes\lmsCourseEnrollementControllers.cls","16","38","ApexCRUDViolation","Validate CRUD permission before SOQL/DML operation or enforce user mode","https://docs.pmd-code.org/pmd-doc-7.9.0/pmd_rules_apex_security.html#apexcrudviolation","Security","pmd"
"158","3","C:\Users\bshao\Desktop\LMS\LMS\force-app\main\default\classes\lmsCourseEnrollementControllers.cls","18","32","ApexCRUDViolation","Validate CRUD permission before SOQL/DML operation or enforce user mode","https://docs.pmd-code.org/pmd-doc-7.9.0/pmd_rules_apex_security.html#apexcrudviolation","Security","pmd"
"159","3","C:\Users\bshao\Desktop\LMS\LMS\force-app\main\default\classes\lmsCourseEnrollementControllers.cls","38","13","ApexCRUDViolation","Validate CRUD permission before SOQL/DML operation or enforce user mode","https://docs.pmd-code.org/pmd-doc-7.9.0/pmd_rules_apex_security.html#apexcrudviolation","Security","pmd"
"160","3","C:\Users\bshao\Desktop\LMS\LMS\force-app\main\default\classes\lmsCourseEnrollementControllers.cls","68","13","ApexCRUDViolation","Validate CRUD permission before SOQL/DML operation or enforce user mode","https://docs.pmd-code.org/pmd-doc-7.9.0/pmd_rules_apex_security.html#apexcrudviolation","Security","pmd"
"161","3","C:\Users\bshao\Desktop\LMS\LMS\force-app\main\default\classes\lmsCourseEnrollementControllers.cls","84","31","ApexCRUDViolation","Validate CRUD permission before SOQL/DML operation or enforce user mode","https://docs.pmd-code.org/pmd-doc-7.9.0/pmd_rules_apex_security.html#apexcrudviolation","Security","pmd"
"162","3","C:\Users\bshao\Desktop\LMS\LMS\force-app\main\default\classes\lmsCourseEnrollementControllers.cls","91","54","ApexCRUDViolation","Validate CRUD permission before SOQL/DML operation or enforce user mode","https://docs.pmd-code.org/pmd-doc-7.9.0/pmd_rules_apex_security.html#apexcrudviolation","Security","pmd"
"163","3","C:\Users\bshao\Desktop\LMS\LMS\force-app\main\default\classes\lmsCourseEnrollementControllers.cls","124","13","ApexCRUDViolation","Validate CRUD permission before SOQL/DML operation or enforce user mode","https://docs.pmd-code.org/pmd-doc-7.9.0/pmd_rules_apex_security.html#apexcrudviolation","Security","pmd"
"164","3","C:\Users\bshao\Desktop\LMS\LMS\force-app\main\default\classes\lmsCourseEnrollementControllers.cls","133","46","ApexCRUDViolation","Validate CRUD permission before SOQL/DML operation or enforce user mode","https://docs.pmd-code.org/pmd-doc-7.9.0/pmd_rules_apex_security.html#apexcrudviolation","Security","pmd"
"165","3","C:\Users\bshao\Desktop\LMS\LMS\force-app\main\default\classes\lmsCourseEnrollementControllers.cls","140","49","ApexCRUDViolation","Validate CRUD permission before SOQL/DML operation or enforce user mode","https://docs.pmd-code.org/pmd-doc-7.9.0/pmd_rules_apex_security.html#apexcrudviolation","Security","pmd"
"166","3","C:\Users\bshao\Desktop\LMS\LMS\force-app\main\default\classes\lmsCourseEnrollementControllers.cls","145","40","ApexCRUDViolation","Validate CRUD permission before SOQL/DML operation or enforce user mode","https://docs.pmd-code.org/pmd-doc-7.9.0/pmd_rules_apex_security.html#apexcrudviolation","Security","pmd"
"167","3","C:\Users\bshao\Desktop\LMS\LMS\force-app\main\default\classes\lmsCourseEnrollementControllers.cls","163","13","ApexCRUDViolation","Validate CRUD permission before SOQL/DML operation or enforce user mode","https://docs.pmd-code.org/pmd-doc-7.9.0/pmd_rules_apex_security.html#apexcrudviolation","Security","pmd"
"168","3","C:\Users\bshao\Desktop\LMS\LMS\force-app\main\default\classes\lmsCourseEnrollementControllers.cls","182","13","ApexCRUDViolation","Validate CRUD permission before SOQL/DML operation or enforce user mode","https://docs.pmd-code.org/pmd-doc-7.9.0/pmd_rules_apex_security.html#apexcrudviolation","Security","pmd"
"169","3","C:\Users\bshao\Desktop\LMS\LMS\force-app\main\default\classes\lmsCourseEnrollementControllers.cls","215","13","ApexCRUDViolation","Validate CRUD permission before SOQL/DML operation or enforce user mode","https://docs.pmd-code.org/pmd-doc-7.9.0/pmd_rules_apex_security.html#apexcrudviolation","Security","pmd"
"170","3","C:\Users\bshao\Desktop\LMS\LMS\force-app\main\default\classes\lmsCourseEnrollementControllers.cls","234","13","ApexCRUDViolation","Validate CRUD permission before SOQL/DML operation or enforce user mode","https://docs.pmd-code.org/pmd-doc-7.9.0/pmd_rules_apex_security.html#apexcrudviolation","Security","pmd"
"171","3","C:\Users\bshao\Desktop\LMS\LMS\force-app\main\default\classes\lmsCoursesTabController.cls","4","28","ApexCRUDViolation","Validate CRUD permission before SOQL/DML operation or enforce user mode","https://docs.pmd-code.org/pmd-doc-7.9.0/pmd_rules_apex_security.html#apexcrudviolation","Security","pmd"
"172","3","C:\Users\bshao\Desktop\LMS\LMS\force-app\main\default\classes\lmsCoursesTabController.cls","7","35","ApexCRUDViolation","Validate CRUD permission before SOQL/DML operation or enforce user mode","https://docs.pmd-code.org/pmd-doc-7.9.0/pmd_rules_apex_security.html#apexcrudviolation","Security","pmd"
"173","3","C:\Users\bshao\Desktop\LMS\LMS\force-app\main\default\classes\lmsCoursesTabController.cls","19","55","ApexCRUDViolation","Validate CRUD permission before SOQL/DML operation or enforce user mode","https://docs.pmd-code.org/pmd-doc-7.9.0/pmd_rules_apex_security.html#apexcrudviolation","Security","pmd"
"174","3","C:\Users\bshao\Desktop\LMS\LMS\force-app\main\default\classes\lmsCoursesTabController.cls","23","31","ApexCRUDViolation","Validate CRUD permission before SOQL/DML operation or enforce user mode","https://docs.pmd-code.org/pmd-doc-7.9.0/pmd_rules_apex_security.html#apexcrudviolation","Security","pmd"
"175","3","C:\Users\bshao\Desktop\LMS\LMS\force-app\main\default\classes\lmsCoursesTabController.cls","35","49","ApexCRUDViolation","Validate CRUD permission before SOQL/DML operation or enforce user mode","https://docs.pmd-code.org/pmd-doc-7.9.0/pmd_rules_apex_security.html#apexcrudviolation","Security","pmd"
"176","3","C:\Users\bshao\Desktop\LMS\LMS\force-app\main\default\classes\lmsCoursesTabController.cls","43","49","ApexCRUDViolation","Validate CRUD permission before SOQL/DML operation or enforce user mode","https://docs.pmd-code.org/pmd-doc-7.9.0/pmd_rules_apex_security.html#apexcrudviolation","Security","pmd"
"177","3","C:\Users\bshao\Desktop\LMS\LMS\force-app\main\default\classes\lmsCoursesTabController.cls","58","52","ApexCRUDViolation","Validate CRUD permission before SOQL/DML operation or enforce user mode","https://docs.pmd-code.org/pmd-doc-7.9.0/pmd_rules_apex_security.html#apexcrudviolation","Security","pmd"
"178","3","C:\Users\bshao\Desktop\LMS\LMS\force-app\main\default\classes\lmsCoursesTabController.cls","71","60","ApexCRUDViolation","Validate CRUD permission before SOQL/DML operation or enforce user mode","https://docs.pmd-code.org/pmd-doc-7.9.0/pmd_rules_apex_security.html#apexcrudviolation","Security","pmd"
"179","3","C:\Users\bshao\Desktop\LMS\LMS\force-app\main\default\classes\lmsCoursesTabController.cls","84","51","ApexCRUDViolation","Validate CRUD permission before SOQL/DML operation or enforce user mode","https://docs.pmd-code.org/pmd-doc-7.9.0/pmd_rules_apex_security.html#apexcrudviolation","Security","pmd"
"180","3","C:\Users\bshao\Desktop\LMS\LMS\force-app\main\default\classes\lmsCoursesTabController.cls","117","28","ApexCRUDViolation","Validate CRUD permission before SOQL/DML operation or enforce user mode","https://docs.pmd-code.org/pmd-doc-7.9.0/pmd_rules_apex_security.html#apexcrudviolation","Security","pmd"
"181","3","C:\Users\bshao\Desktop\LMS\LMS\force-app\main\default\classes\lmsCoursesTabController.cls","122","30","ApexCRUDViolation","Validate CRUD permission before SOQL/DML operation or enforce user mode","https://docs.pmd-code.org/pmd-doc-7.9.0/pmd_rules_apex_security.html#apexcrudviolation","Security","pmd"
"182","3","C:\Users\bshao\Desktop\LMS\LMS\force-app\main\default\classes\lmsCoursesTabController.cls","138","65","ApexCRUDViolation","Validate CRUD permission before SOQL/DML operation or enforce user mode","https://docs.pmd-code.org/pmd-doc-7.9.0/pmd_rules_apex_security.html#apexcrudviolation","Security","pmd"
"183","3","C:\Users\bshao\Desktop\LMS\LMS\force-app\main\default\classes\lmsCoursesTabController.cls","198","53","ApexCRUDViolation","Validate CRUD permission before SOQL/DML operation or enforce user mode","https://docs.pmd-code.org/pmd-doc-7.9.0/pmd_rules_apex_security.html#apexcrudviolation","Security","pmd"
"184","3","C:\Users\bshao\Desktop\LMS\LMS\force-app\main\default\classes\lmsMyCourseModulesController.cls","10","31","ApexCRUDViolation","Validate CRUD permission before SOQL/DML operation or enforce user mode","https://docs.pmd-code.org/pmd-doc-7.9.0/pmd_rules_apex_security.html#apexcrudviolation","Security","pmd"
"185","3","C:\Users\bshao\Desktop\LMS\LMS\force-app\main\default\classes\lmsMyCourseModulesController.cls","35","53","ApexCRUDViolation","Validate CRUD permission before SOQL/DML operation or enforce user mode","https://docs.pmd-code.org/pmd-doc-7.9.0/pmd_rules_apex_security.html#apexcrudviolation","Security","pmd"
"186","3","C:\Users\bshao\Desktop\LMS\LMS\force-app\main\default\classes\lmsMyCourseModulesController.cls","46","73","ApexCRUDViolation","Validate CRUD permission before SOQL/DML operation or enforce user mode","https://docs.pmd-code.org/pmd-doc-7.9.0/pmd_rules_apex_security.html#apexcrudviolation","Security","pmd"
"187","3","C:\Users\bshao\Desktop\LMS\LMS\force-app\main\default\classes\lmsMyCourseModulesController.cls","124","53","ApexCRUDViolation","Validate CRUD permission before SOQL/DML operation or enforce user mode","https://docs.pmd-code.org/pmd-doc-7.9.0/pmd_rules_apex_security.html#apexcrudviolation","Security","pmd"
"188","3","C:\Users\bshao\Desktop\LMS\LMS\force-app\main\default\classes\lmsSendCourseEnrollmentMail.cls","9","15","ApexCRUDViolation","Validate CRUD permission before SOQL/DML operation or enforce user mode","https://docs.pmd-code.org/pmd-doc-7.9.0/pmd_rules_apex_security.html#apexcrudviolation","Security","pmd"
"189","3","C:\Users\bshao\Desktop\LMS\LMS\force-app\main\default\classes\lmsSendCourseEnrollmentMail.cls","13","40","ApexCRUDViolation","Validate CRUD permission before SOQL/DML operation or enforce user mode","https://docs.pmd-code.org/pmd-doc-7.9.0/pmd_rules_apex_security.html#apexcrudviolation","Security","pmd"
"190","3","C:\Users\bshao\Desktop\LMS\LMS\force-app\main\default\classes\lmsSendCourseEnrollmentMail.cls","15","51","ApexCRUDViolation","Validate CRUD permission before SOQL/DML operation or enforce user mode","https://docs.pmd-code.org/pmd-doc-7.9.0/pmd_rules_apex_security.html#apexcrudviolation","Security","pmd"
"191","3","C:\Users\bshao\Desktop\LMS\LMS\force-app\main\default\classes\lmsSendCourseEnrollmentMail.cls","19","16","ApexCRUDViolation","Validate CRUD permission before SOQL/DML operation or enforce user mode","https://docs.pmd-code.org/pmd-doc-7.9.0/pmd_rules_apex_security.html#apexcrudviolation","Security","pmd"
"192","3","C:\Users\bshao\Desktop\LMS\LMS\force-app\main\default\classes\lmsSendInvoiceMail.cls","6","23","ApexCRUDViolation","Validate CRUD permission before SOQL/DML operation or enforce user mode","https://docs.pmd-code.org/pmd-doc-7.9.0/pmd_rules_apex_security.html#apexcrudviolation","Security","pmd"
"193","3","C:\Users\bshao\Desktop\LMS\LMS\force-app\main\default\classes\lmsSendInvoiceMail.cls","7","32","ApexCRUDViolation","Validate CRUD permission before SOQL/DML operation or enforce user mode","https://docs.pmd-code.org/pmd-doc-7.9.0/pmd_rules_apex_security.html#apexcrudviolation","Security","pmd"
"194","3","C:\Users\bshao\Desktop\LMS\LMS\force-app\main\default\classes\lmsSendInvoiceMail.cls","10","16","ApexCRUDViolation","Validate CRUD permission before SOQL/DML operation or enforce user mode","https://docs.pmd-code.org/pmd-doc-7.9.0/pmd_rules_apex_security.html#apexcrudviolation","Security","pmd"
"195","3","C:\Users\bshao\Desktop\LMS\LMS\force-app\main\default\classes\lmsSendInvoiceMail.cls","14","40","ApexCRUDViolation","Validate CRUD permission before SOQL/DML operation or enforce user mode","https://docs.pmd-code.org/pmd-doc-7.9.0/pmd_rules_apex_security.html#apexcrudviolation","Security","pmd"
"196","3","C:\Users\bshao\Desktop\LMS\LMS\force-app\main\default\classes\lmsSendInvoiceMail.cls","16","51","ApexCRUDViolation","Validate CRUD permission before SOQL/DML operation or enforce user mode","https://docs.pmd-code.org/pmd-doc-7.9.0/pmd_rules_apex_security.html#apexcrudviolation","Security","pmd"
"197","3","C:\Users\bshao\Desktop\LMS\LMS\force-app\main\default\classes\lmsSendInvoiceMail.cls","19","16","ApexCRUDViolation","Validate CRUD permission before SOQL/DML operation or enforce user mode","https://docs.pmd-code.org/pmd-doc-7.9.0/pmd_rules_apex_security.html#apexcrudviolation","Security","pmd"
